user_id,country,device_type,signup_source,register_date,user_level,is_paying_user
1,TR,iOS,ad_tiktok,2025-07-11,4,1
2,BR,iOS,organic,2025-06-16,11,0
3,BR,Android,ad_facebook,2025-07-10,22,1
4,BR,Android,referral,2025-06-24,26,0
5,BR,iOS,ad_tiktok,2025-07-01,46,0
6,BR,Android,referral,2025-07-13,6,0
7,BR,iOS,ad_facebook,2025-06-24,20,0
8,US,iOS,referral,2025-06-28,48,0
9,IN,Android,ad_tiktok,2025-06-26,14,1
10,IN,iOS,organic,2025-06-19,6,1
11,IN,iOS,organic,2025-07-02,5,0
12,BR,iOS,ad_tiktok,2025-06-20,8,0
13,US,iOS,referral,2025-07-09,14,0
14,DE,Android,referral,2025-06-22,17,0
15,IN,iOS,referral,2025-07-02,42,0
16,US,iOS,organic,2025-07-13,40,1
17,DE,Android,ad_tiktok,2025-06-20,29,0
18,US,iOS,ad_tiktok,2025-07-03,16,0
19,US,Android,ad_tiktok,2025-06-18,46,0
20,TR,iOS,ad_facebook,2025-06-29,22,0
21,DE,Android,referral,2025-06-22,21,0
22,TR,Android,ad_tiktok,2025-07-02,44,0
23,BR,Android,ad_tiktok,2025-06-29,4,0
24,BR,iOS,referral,2025-06-23,38,0
25,TR,iOS,ad_tiktok,2025-06-25,20,0
26,IN,Android,ad_facebook,2025-07-08,44,0
27,DE,Android,ad_tiktok,2025-07-04,18,0
28,BR,Android,referral,2025-06-25,11,0
29,BR,Android,referral,2025-06-25,25,0
30,TR,iOS,organic,2025-06-26,17,0
31,TR,iOS,ad_tiktok,2025-06-22,12,0
32,US,iOS,referral,2025-06-29,2,0
33,BR,Android,ad_tiktok,2025-07-09,35,0
34,TR,iOS,ad_facebook,2025-06-30,9,1
35,BR,iOS,ad_facebook,2025-06-27,47,0
36,IN,iOS,ad_tiktok,2025-06-25,49,0
37,DE,Android,ad_tiktok,2025-06-16,19,0
38,BR,Android,ad_facebook,2025-07-11,16,0
39,TR,iOS,ad_facebook,2025-07-12,40,0
40,DE,iOS,ad_facebook,2025-06-20,42,0
41,DE,iOS,organic,2025-07-03,20,0
42,IN,iOS,organic,2025-06-19,39,0
43,TR,Android,ad_tiktok,2025-07-14,49,0
44,TR,iOS,referral,2025-06-21,3,0
45,TR,Android,organic,2025-06-23,38,0
46,DE,iOS,organic,2025-07-13,39,0
47,IN,iOS,organic,2025-07-12,26,0
48,TR,Android,ad_facebook,2025-06-17,46,0
49,IN,Android,organic,2025-06-15,34,0
50,TR,iOS,ad_facebook,2025-06-27,23,0
51,DE,iOS,organic,2025-07-11,47,0
52,BR,iOS,referral,2025-06-24,13,1
53,US,iOS,organic,2025-06-19,41,0
54,DE,Android,referral,2025-06-19,42,0
55,TR,iOS,referral,2025-07-08,10,0
56,US,iOS,ad_tiktok,2025-06-23,40,0
57,US,iOS,ad_tiktok,2025-07-08,15,0
58,IN,Android,ad_facebook,2025-06-28,25,0
59,IN,Android,referral,2025-07-04,32,0
60,BR,Android,ad_facebook,2025-07-02,16,0
61,IN,iOS,ad_facebook,2025-06-30,5,0
62,TR,iOS,referral,2025-07-08,19,0
63,TR,Android,referral,2025-06-27,20,0
64,DE,iOS,ad_tiktok,2025-07-03,29,0
65,BR,iOS,ad_facebook,2025-07-08,2,0
66,BR,Android,ad_facebook,2025-06-23,43,0
67,IN,Android,ad_tiktok,2025-06-25,8,0
68,US,iOS,referral,2025-06-15,1,1
69,DE,iOS,organic,2025-06-20,19,0
70,TR,Android,organic,2025-06-23,12,0
71,BR,iOS,organic,2025-06-15,48,0
72,TR,iOS,referral,2025-07-09,42,1
73,IN,iOS,organic,2025-07-13,41,0
74,IN,Android,ad_facebook,2025-06-22,38,1
75,BR,Android,organic,2025-06-17,5,0
76,US,Android,organic,2025-06-29,4,0
77,BR,iOS,ad_tiktok,2025-06-23,36,1
78,TR,Android,ad_tiktok,2025-07-08,40,1
79,IN,Android,ad_facebook,2025-06-19,19,1
80,US,Android,ad_tiktok,2025-06-27,29,0
81,US,iOS,organic,2025-07-01,30,0
82,DE,iOS,ad_facebook,2025-07-13,4,0
83,IN,iOS,ad_tiktok,2025-06-16,30,0
84,BR,iOS,ad_tiktok,2025-07-14,14,0
85,TR,iOS,referral,2025-06-30,33,0
86,IN,Android,ad_tiktok,2025-06-17,20,0
87,US,Android,ad_facebook,2025-07-08,47,1
88,US,iOS,ad_tiktok,2025-07-01,34,0
89,IN,Android,ad_facebook,2025-07-10,14,0
90,TR,iOS,ad_tiktok,2025-06-16,13,1
91,DE,iOS,ad_facebook,2025-06-30,32,0
92,TR,iOS,ad_facebook,2025-06-26,48,0
93,IN,Android,ad_facebook,2025-07-06,25,0
94,DE,iOS,referral,2025-07-02,11,0
95,IN,iOS,ad_tiktok,2025-06-22,32,0
96,IN,iOS,referral,2025-07-08,23,0
97,IN,Android,organic,2025-06-21,22,0
98,IN,iOS,ad_facebook,2025-07-12,49,0
99,US,Android,referral,2025-06-18,14,0
100,DE,iOS,referral,2025-07-13,47,1
101,DE,Android,organic,2025-06-16,28,1
102,IN,Android,ad_tiktok,2025-07-12,8,1
103,TR,Android,organic,2025-07-07,49,0
104,IN,iOS,referral,2025-07-14,27,0
105,BR,iOS,ad_tiktok,2025-06-23,44,0
106,BR,Android,referral,2025-07-14,27,0
107,US,Android,organic,2025-06-28,20,0
108,US,Android,organic,2025-06-27,40,0
109,TR,Android,ad_facebook,2025-07-04,48,0
110,IN,iOS,organic,2025-07-13,43,1
111,BR,Android,ad_facebook,2025-06-29,35,1
112,IN,iOS,organic,2025-07-04,10,0
113,IN,Android,ad_tiktok,2025-06-27,25,0
114,IN,Android,referral,2025-07-13,41,1
115,TR,Android,ad_tiktok,2025-06-25,42,0
116,IN,Android,ad_facebook,2025-06-20,30,1
117,BR,Android,referral,2025-07-02,32,0
118,DE,Android,referral,2025-06-19,31,1
119,US,iOS,referral,2025-06-21,17,0
120,BR,iOS,organic,2025-06-15,17,0
121,TR,Android,ad_facebook,2025-07-11,25,1
122,IN,iOS,ad_facebook,2025-07-13,10,0
123,IN,iOS,organic,2025-07-08,22,0
124,BR,Android,ad_facebook,2025-07-07,35,0
125,TR,Android,ad_facebook,2025-06-22,48,0
126,TR,Android,ad_facebook,2025-07-13,7,0
127,US,iOS,ad_facebook,2025-06-26,48,0
128,IN,Android,organic,2025-07-01,5,1
129,DE,Android,ad_tiktok,2025-06-25,31,0
130,TR,Android,ad_facebook,2025-06-17,23,0
131,TR,iOS,ad_facebook,2025-07-04,47,1
132,BR,iOS,referral,2025-07-07,46,0
133,BR,iOS,ad_facebook,2025-07-03,20,1
134,US,iOS,ad_tiktok,2025-06-30,42,0
135,IN,iOS,organic,2025-07-12,25,0
136,DE,Android,ad_tiktok,2025-06-22,37,0
137,US,iOS,organic,2025-06-23,44,1
138,TR,Android,ad_facebook,2025-07-01,26,1
139,IN,iOS,organic,2025-07-12,48,0
140,BR,iOS,ad_facebook,2025-06-16,24,0
141,IN,Android,ad_tiktok,2025-07-14,43,0
142,TR,Android,ad_tiktok,2025-06-21,29,0
143,BR,Android,organic,2025-07-12,3,0
144,TR,iOS,ad_tiktok,2025-06-29,49,0
145,BR,Android,referral,2025-06-30,33,0
146,TR,iOS,organic,2025-07-01,8,0
147,DE,iOS,ad_tiktok,2025-06-29,42,1
148,TR,Android,ad_tiktok,2025-06-28,44,0
149,BR,iOS,organic,2025-07-01,23,0
150,IN,iOS,ad_tiktok,2025-07-06,47,0
151,BR,iOS,referral,2025-06-15,47,0
152,DE,iOS,ad_facebook,2025-07-13,1,0
153,IN,iOS,ad_tiktok,2025-07-08,1,0
154,IN,Android,ad_facebook,2025-06-15,26,0
155,TR,Android,ad_facebook,2025-07-02,8,0
156,IN,iOS,ad_facebook,2025-06-22,37,1
157,IN,iOS,organic,2025-06-24,17,0
158,IN,Android,ad_tiktok,2025-07-10,17,1
159,BR,iOS,ad_facebook,2025-06-20,5,0
160,TR,iOS,organic,2025-07-01,9,0
161,TR,Android,referral,2025-06-26,24,0
162,IN,Android,referral,2025-07-10,12,0
163,BR,iOS,referral,2025-07-02,42,0
164,DE,Android,ad_facebook,2025-06-20,8,0
165,US,Android,ad_facebook,2025-06-18,46,0
166,US,iOS,organic,2025-07-08,44,0
167,TR,iOS,referral,2025-07-02,40,1
168,BR,Android,ad_tiktok,2025-07-12,17,0
169,IN,iOS,ad_facebook,2025-06-21,49,0
170,US,Android,organic,2025-06-22,46,0
171,IN,iOS,referral,2025-07-04,16,0
172,TR,Android,ad_facebook,2025-07-14,5,0
173,DE,iOS,ad_tiktok,2025-06-22,27,0
174,BR,Android,ad_tiktok,2025-07-10,33,0
175,TR,iOS,ad_facebook,2025-06-20,26,0
176,DE,iOS,ad_facebook,2025-06-21,30,0
177,IN,Android,referral,2025-06-24,34,0
178,US,Android,ad_facebook,2025-06-28,2,0
179,IN,Android,ad_tiktok,2025-07-14,23,0
180,IN,Android,ad_tiktok,2025-06-23,6,0
181,DE,Android,ad_facebook,2025-06-16,18,0
182,US,iOS,ad_tiktok,2025-06-17,12,0
183,US,Android,ad_facebook,2025-07-07,32,0
184,BR,iOS,ad_tiktok,2025-07-09,10,0
185,IN,iOS,organic,2025-07-02,13,0
186,IN,iOS,referral,2025-06-21,26,0
187,DE,Android,referral,2025-06-26,26,0
188,TR,iOS,organic,2025-07-01,47,0
189,BR,iOS,ad_tiktok,2025-07-11,1,0
190,IN,Android,ad_tiktok,2025-06-22,32,0
191,DE,Android,ad_tiktok,2025-06-18,19,0
192,DE,Android,ad_tiktok,2025-06-25,28,0
193,US,iOS,referral,2025-07-08,1,0
194,TR,Android,organic,2025-07-14,6,0
195,BR,Android,ad_facebook,2025-06-22,44,0
196,TR,Android,ad_tiktok,2025-07-13,13,0
197,IN,Android,ad_tiktok,2025-06-27,20,0
198,IN,iOS,ad_facebook,2025-06-27,27,0
199,DE,Android,referral,2025-06-27,12,0
200,US,Android,ad_tiktok,2025-07-09,3,0
201,BR,Android,ad_facebook,2025-06-28,11,0
202,TR,iOS,organic,2025-06-15,5,0
203,IN,Android,ad_facebook,2025-06-16,46,0
204,TR,Android,organic,2025-06-18,3,0
205,US,Android,ad_tiktok,2025-07-03,16,0
206,IN,iOS,ad_tiktok,2025-07-09,7,0
207,US,Android,ad_tiktok,2025-07-08,14,0
208,TR,Android,ad_facebook,2025-06-23,42,0
209,TR,Android,organic,2025-07-09,15,1
210,TR,iOS,ad_facebook,2025-07-02,11,0
211,IN,iOS,ad_facebook,2025-06-26,9,0
212,TR,Android,referral,2025-07-07,24,0
213,IN,iOS,organic,2025-06-25,4,1
214,BR,Android,organic,2025-06-22,35,0
215,US,iOS,referral,2025-07-12,29,1
216,IN,Android,ad_facebook,2025-07-11,12,0
217,BR,Android,referral,2025-07-03,22,0
218,BR,Android,referral,2025-06-30,9,0
219,TR,iOS,ad_tiktok,2025-07-10,42,1
220,IN,Android,ad_tiktok,2025-07-05,22,0
221,BR,Android,ad_facebook,2025-06-22,47,0
222,US,iOS,ad_facebook,2025-06-25,4,0
223,DE,Android,referral,2025-07-07,2,0
224,BR,iOS,organic,2025-07-07,44,0
225,BR,iOS,ad_facebook,2025-07-13,40,0
226,IN,iOS,ad_tiktok,2025-06-25,35,0
227,IN,iOS,ad_tiktok,2025-07-04,1,0
228,IN,Android,referral,2025-07-05,38,0
229,BR,Android,ad_tiktok,2025-06-27,21,1
230,US,iOS,organic,2025-07-08,40,0
231,IN,Android,ad_facebook,2025-07-10,5,0
232,DE,Android,organic,2025-06-21,48,0
233,US,Android,ad_tiktok,2025-06-28,5,0
234,IN,Android,organic,2025-07-03,8,0
235,BR,Android,ad_facebook,2025-06-18,41,0
236,DE,Android,ad_facebook,2025-06-23,10,1
237,BR,Android,referral,2025-06-25,36,0
238,DE,Android,ad_tiktok,2025-07-08,6,0
239,IN,iOS,ad_facebook,2025-07-07,5,0
240,BR,iOS,ad_facebook,2025-07-01,47,0
241,US,iOS,referral,2025-07-08,15,0
242,IN,iOS,ad_facebook,2025-07-01,20,0
243,BR,iOS,ad_facebook,2025-06-30,38,0
244,DE,iOS,referral,2025-06-25,39,1
245,US,Android,referral,2025-07-10,17,0
246,US,iOS,organic,2025-06-15,30,0
247,BR,Android,ad_facebook,2025-07-05,32,1
248,TR,iOS,ad_tiktok,2025-06-29,19,0
249,US,iOS,organic,2025-06-16,32,0
250,DE,iOS,ad_facebook,2025-06-19,3,0
251,BR,Android,ad_tiktok,2025-06-15,29,0
252,BR,Android,organic,2025-07-01,18,0
253,BR,Android,organic,2025-07-13,42,0
254,IN,iOS,ad_facebook,2025-06-26,47,0
255,US,iOS,ad_facebook,2025-06-26,32,1
256,DE,iOS,ad_tiktok,2025-06-20,38,0
257,BR,Android,ad_tiktok,2025-06-25,28,0
258,TR,Android,ad_tiktok,2025-06-16,22,0
259,US,iOS,ad_tiktok,2025-07-09,21,0
260,IN,iOS,referral,2025-06-16,30,0
261,DE,iOS,ad_tiktok,2025-06-21,33,0
262,TR,iOS,referral,2025-07-13,9,0
263,BR,iOS,referral,2025-06-23,2,0
264,BR,Android,organic,2025-06-22,1,0
265,IN,Android,organic,2025-07-10,23,0
266,TR,Android,referral,2025-06-17,48,0
267,IN,Android,ad_tiktok,2025-06-15,12,0
268,US,iOS,ad_facebook,2025-07-04,28,0
269,BR,iOS,ad_tiktok,2025-07-04,40,1
270,TR,Android,ad_tiktok,2025-06-26,40,0
271,IN,iOS,ad_facebook,2025-06-25,42,1
272,US,iOS,referral,2025-07-06,13,0
273,TR,Android,organic,2025-06-24,35,0
274,BR,Android,ad_facebook,2025-07-11,4,1
275,US,iOS,ad_facebook,2025-07-09,22,0
276,IN,iOS,referral,2025-06-24,20,0
277,DE,Android,referral,2025-06-18,37,0
278,DE,Android,organic,2025-06-20,32,0
279,US,Android,ad_tiktok,2025-06-19,20,0
280,TR,iOS,organic,2025-06-18,49,0
281,IN,Android,organic,2025-06-20,3,0
282,IN,iOS,referral,2025-07-10,13,0
283,US,Android,organic,2025-07-10,27,0
284,IN,iOS,ad_facebook,2025-06-15,13,0
285,IN,iOS,ad_facebook,2025-07-01,13,1
286,TR,Android,organic,2025-07-03,15,0
287,BR,iOS,organic,2025-07-10,41,0
288,US,iOS,ad_facebook,2025-07-04,31,0
289,DE,Android,referral,2025-06-16,20,1
290,DE,Android,referral,2025-06-24,13,0
291,TR,iOS,referral,2025-07-08,5,0
292,US,iOS,referral,2025-07-01,10,0
293,IN,iOS,ad_facebook,2025-07-12,14,0
294,DE,iOS,ad_tiktok,2025-06-30,20,0
295,DE,iOS,organic,2025-06-15,44,0
296,TR,Android,ad_tiktok,2025-07-09,14,0
297,DE,Android,referral,2025-06-22,23,0
298,DE,iOS,referral,2025-06-25,37,0
299,BR,iOS,ad_facebook,2025-06-18,24,0
300,BR,Android,organic,2025-07-01,7,0
301,IN,iOS,ad_tiktok,2025-06-17,47,0
302,BR,iOS,organic,2025-07-08,38,0
303,US,Android,organic,2025-06-25,33,0
304,US,iOS,organic,2025-07-10,36,0
305,US,iOS,ad_tiktok,2025-06-15,4,1
306,IN,iOS,ad_tiktok,2025-06-20,36,1
307,US,Android,organic,2025-06-23,29,1
308,IN,Android,ad_facebook,2025-07-14,45,0
309,US,Android,ad_facebook,2025-06-27,45,0
310,US,iOS,ad_tiktok,2025-07-14,42,0
311,TR,iOS,ad_facebook,2025-06-28,31,0
312,IN,iOS,referral,2025-06-21,41,0
313,BR,iOS,organic,2025-07-05,46,0
314,US,iOS,ad_facebook,2025-07-12,39,1
315,IN,iOS,ad_tiktok,2025-07-06,41,0
316,BR,Android,referral,2025-06-22,18,1
317,TR,iOS,organic,2025-06-17,19,1
318,US,iOS,referral,2025-07-05,4,0
319,DE,iOS,organic,2025-07-02,47,0
320,DE,iOS,organic,2025-06-19,7,0
321,US,iOS,ad_facebook,2025-07-13,10,0
322,US,iOS,organic,2025-06-22,41,0
323,IN,Android,organic,2025-07-11,12,1
324,DE,iOS,ad_facebook,2025-06-16,9,0
325,IN,Android,organic,2025-07-07,28,1
326,TR,iOS,referral,2025-07-10,35,1
327,US,iOS,ad_facebook,2025-06-26,4,0
328,US,Android,organic,2025-06-28,5,0
329,BR,iOS,ad_tiktok,2025-06-21,36,0
330,BR,Android,ad_facebook,2025-07-08,7,0
331,US,Android,ad_facebook,2025-07-11,19,0
332,US,iOS,organic,2025-07-06,47,0
333,TR,iOS,organic,2025-07-06,2,0
334,US,iOS,organic,2025-06-27,39,0
335,BR,Android,organic,2025-06-27,12,1
336,IN,Android,ad_facebook,2025-07-14,5,0
337,DE,iOS,referral,2025-07-02,3,0
338,IN,Android,ad_facebook,2025-06-20,44,0
339,DE,iOS,referral,2025-06-30,37,0
340,BR,Android,ad_facebook,2025-06-17,1,0
341,US,iOS,organic,2025-07-11,35,0
342,TR,iOS,referral,2025-06-27,32,0
343,IN,iOS,ad_facebook,2025-07-02,14,0
344,US,Android,ad_tiktok,2025-07-09,38,0
345,BR,iOS,referral,2025-06-17,8,0
346,DE,Android,organic,2025-07-01,8,1
347,US,iOS,ad_tiktok,2025-07-04,22,0
348,TR,Android,ad_facebook,2025-06-20,5,0
349,TR,Android,ad_facebook,2025-06-30,40,0
350,US,iOS,ad_tiktok,2025-07-08,14,0
351,TR,Android,ad_facebook,2025-07-12,44,0
352,US,Android,ad_facebook,2025-06-26,8,0
353,BR,Android,referral,2025-07-13,31,0
354,TR,Android,ad_tiktok,2025-07-10,11,0
355,IN,Android,organic,2025-06-20,7,1
356,BR,Android,ad_facebook,2025-07-05,24,1
357,DE,Android,ad_facebook,2025-07-06,12,0
358,IN,iOS,referral,2025-07-04,32,1
359,US,Android,ad_facebook,2025-06-24,45,0
360,BR,iOS,ad_facebook,2025-06-17,35,0
361,BR,iOS,ad_facebook,2025-06-19,40,0
362,IN,Android,ad_facebook,2025-07-03,31,0
363,IN,iOS,organic,2025-07-07,26,0
364,TR,Android,organic,2025-06-23,34,0
365,US,iOS,ad_facebook,2025-06-30,1,0
366,BR,Android,ad_tiktok,2025-07-02,3,0
367,US,Android,ad_facebook,2025-06-23,40,0
368,TR,Android,referral,2025-07-11,9,0
369,US,iOS,ad_facebook,2025-06-24,8,0
370,IN,iOS,ad_tiktok,2025-07-04,12,1
371,US,Android,organic,2025-06-18,48,0
372,TR,iOS,referral,2025-07-07,37,1
373,IN,iOS,ad_facebook,2025-06-19,13,0
374,US,Android,ad_tiktok,2025-07-07,16,0
375,DE,Android,referral,2025-07-10,9,0
376,IN,iOS,organic,2025-06-21,47,0
377,BR,Android,referral,2025-07-05,30,0
378,TR,Android,referral,2025-06-29,25,0
379,IN,iOS,ad_tiktok,2025-07-06,12,0
380,IN,Android,ad_facebook,2025-06-20,3,1
381,DE,iOS,ad_facebook,2025-06-22,30,0
382,DE,iOS,referral,2025-07-08,34,1
383,DE,Android,ad_facebook,2025-06-18,9,0
384,TR,Android,ad_tiktok,2025-06-15,21,0
385,TR,iOS,ad_facebook,2025-07-11,45,0
386,TR,Android,ad_tiktok,2025-07-04,22,0
387,BR,iOS,ad_tiktok,2025-06-15,25,1
388,BR,Android,referral,2025-07-04,29,1
389,TR,iOS,ad_facebook,2025-06-20,49,0
390,DE,iOS,organic,2025-07-12,24,0
391,US,iOS,referral,2025-06-24,26,0
392,TR,iOS,referral,2025-06-24,40,0
393,TR,Android,ad_tiktok,2025-06-23,10,0
394,DE,Android,ad_tiktok,2025-07-02,4,0
395,TR,Android,ad_tiktok,2025-06-27,20,0
396,TR,Android,organic,2025-07-03,30,0
397,US,iOS,organic,2025-06-25,13,0
398,IN,iOS,ad_tiktok,2025-06-25,29,1
399,BR,iOS,ad_tiktok,2025-06-25,42,0
400,IN,iOS,organic,2025-06-26,5,0
401,DE,iOS,referral,2025-07-07,39,0
402,IN,iOS,organic,2025-06-18,39,0
403,DE,iOS,ad_facebook,2025-06-21,45,0
404,BR,iOS,referral,2025-07-01,13,0
405,BR,Android,organic,2025-07-13,10,0
406,TR,iOS,ad_facebook,2025-06-21,23,0
407,DE,iOS,ad_tiktok,2025-07-09,43,1
408,TR,Android,referral,2025-07-05,16,0
409,BR,iOS,organic,2025-07-11,36,0
410,BR,Android,ad_tiktok,2025-06-24,23,0
411,IN,iOS,organic,2025-06-16,22,0
412,TR,Android,referral,2025-06-23,36,0
413,IN,iOS,organic,2025-06-18,40,0
414,TR,Android,organic,2025-06-15,31,1
415,DE,iOS,organic,2025-06-25,26,0
416,IN,Android,ad_tiktok,2025-06-28,29,0
417,DE,iOS,referral,2025-06-24,12,1
418,TR,Android,organic,2025-06-29,39,0
419,US,Android,organic,2025-07-14,40,0
420,TR,Android,organic,2025-06-23,38,0
421,IN,Android,ad_tiktok,2025-07-01,39,0
422,DE,Android,referral,2025-06-22,33,0
423,DE,iOS,ad_facebook,2025-07-06,42,0
424,TR,Android,ad_facebook,2025-07-06,23,0
425,DE,iOS,ad_facebook,2025-07-08,4,0
426,TR,Android,referral,2025-07-08,46,0
427,BR,iOS,ad_facebook,2025-06-25,37,0
428,IN,Android,referral,2025-06-25,11,0
429,IN,iOS,ad_facebook,2025-06-17,35,0
430,BR,iOS,ad_tiktok,2025-06-27,43,0
431,BR,Android,referral,2025-06-21,41,0
432,DE,Android,ad_tiktok,2025-06-19,29,0
433,DE,iOS,referral,2025-06-15,23,1
434,IN,iOS,ad_facebook,2025-07-08,30,0
435,IN,iOS,ad_facebook,2025-07-03,28,0
436,IN,Android,organic,2025-06-21,14,0
437,TR,iOS,organic,2025-07-02,30,0
438,IN,Android,ad_tiktok,2025-07-13,19,0
439,BR,Android,organic,2025-06-22,19,1
440,BR,iOS,ad_facebook,2025-07-09,4,0
441,BR,iOS,organic,2025-06-22,22,0
442,TR,Android,ad_tiktok,2025-06-18,14,0
443,DE,Android,referral,2025-07-03,45,0
444,IN,iOS,organic,2025-06-22,36,0
445,DE,iOS,ad_facebook,2025-07-07,14,0
446,DE,iOS,referral,2025-07-08,17,1
447,IN,Android,referral,2025-07-14,1,0
448,IN,iOS,organic,2025-07-13,8,0
449,IN,iOS,ad_tiktok,2025-06-27,29,0
450,DE,iOS,ad_facebook,2025-06-26,42,0
451,IN,iOS,ad_tiktok,2025-07-13,28,0
452,DE,iOS,ad_facebook,2025-06-19,14,1
453,DE,Android,organic,2025-07-13,49,0
454,BR,iOS,ad_facebook,2025-06-25,29,0
455,BR,iOS,referral,2025-06-23,20,0
456,US,Android,ad_tiktok,2025-06-16,17,0
457,BR,iOS,ad_tiktok,2025-06-22,43,0
458,TR,iOS,ad_facebook,2025-07-12,28,0
459,BR,Android,ad_facebook,2025-06-29,19,0
460,TR,Android,ad_facebook,2025-07-01,31,0
461,TR,iOS,referral,2025-06-17,11,1
462,IN,iOS,ad_facebook,2025-07-09,5,0
463,US,Android,ad_tiktok,2025-06-25,38,1
464,TR,Android,organic,2025-07-12,40,0
465,US,Android,organic,2025-06-17,2,0
466,US,iOS,organic,2025-06-21,23,0
467,BR,Android,ad_facebook,2025-07-11,19,1
468,BR,iOS,ad_facebook,2025-07-13,3,0
469,DE,Android,ad_facebook,2025-07-14,45,0
470,DE,iOS,ad_tiktok,2025-07-05,40,0
471,BR,iOS,ad_tiktok,2025-07-14,44,0
472,US,Android,ad_facebook,2025-07-12,17,0
473,BR,iOS,ad_facebook,2025-07-05,16,1
474,BR,iOS,referral,2025-07-10,40,0
475,BR,Android,organic,2025-06-19,27,0
476,US,Android,referral,2025-06-17,2,0
477,TR,iOS,referral,2025-07-08,33,0
478,DE,iOS,ad_facebook,2025-06-20,23,0
479,TR,iOS,organic,2025-07-01,31,0
480,US,iOS,ad_tiktok,2025-06-24,48,0
481,BR,Android,referral,2025-07-06,15,0
482,TR,Android,referral,2025-06-25,45,0
483,US,iOS,ad_tiktok,2025-06-29,33,0
484,TR,Android,organic,2025-06-15,42,0
485,TR,Android,ad_tiktok,2025-06-23,19,0
486,US,Android,ad_tiktok,2025-06-19,30,0
487,TR,Android,ad_facebook,2025-07-10,16,0
488,US,iOS,referral,2025-07-11,36,0
489,IN,Android,organic,2025-07-09,35,0
490,TR,Android,referral,2025-06-20,41,0
491,IN,iOS,organic,2025-06-23,8,0
492,TR,iOS,organic,2025-07-11,13,0
493,DE,iOS,ad_facebook,2025-06-25,46,0
494,BR,iOS,ad_tiktok,2025-06-30,49,1
495,BR,Android,ad_tiktok,2025-06-18,4,0
496,TR,Android,organic,2025-06-29,3,0
497,BR,Android,ad_facebook,2025-06-21,6,0
498,US,iOS,ad_tiktok,2025-06-15,4,0
499,DE,Android,ad_facebook,2025-07-01,25,0
500,BR,Android,organic,2025-07-03,30,0
501,IN,Android,ad_tiktok,2025-06-17,20,0
502,BR,iOS,organic,2025-06-29,30,0
503,DE,iOS,ad_facebook,2025-06-20,17,0
504,BR,iOS,referral,2025-06-16,32,0
505,US,Android,organic,2025-07-11,37,0
506,BR,iOS,ad_facebook,2025-06-30,35,1
507,BR,iOS,ad_facebook,2025-07-14,14,0
508,US,iOS,ad_tiktok,2025-07-11,12,0
509,US,iOS,ad_tiktok,2025-06-26,28,0
510,IN,Android,referral,2025-06-24,47,0
511,IN,Android,ad_tiktok,2025-07-13,19,0
512,IN,iOS,referral,2025-07-01,9,0
513,BR,Android,referral,2025-07-11,42,0
514,TR,Android,organic,2025-07-10,12,0
515,TR,Android,referral,2025-06-19,22,0
516,TR,iOS,referral,2025-06-26,6,0
517,TR,Android,referral,2025-06-28,35,0
518,US,Android,organic,2025-07-04,26,0
519,US,Android,ad_tiktok,2025-06-20,41,0
520,TR,Android,organic,2025-07-14,20,0
521,BR,iOS,ad_tiktok,2025-06-26,48,0
522,BR,Android,referral,2025-07-14,49,0
523,IN,iOS,referral,2025-06-22,45,0
524,IN,iOS,ad_facebook,2025-07-10,33,0
525,DE,iOS,referral,2025-06-24,17,0
526,IN,Android,organic,2025-07-11,12,0
527,BR,Android,organic,2025-07-05,7,0
528,US,iOS,referral,2025-07-07,49,1
529,BR,iOS,referral,2025-07-01,47,0
530,BR,iOS,referral,2025-06-23,28,1
531,BR,iOS,referral,2025-06-30,38,0
532,TR,iOS,referral,2025-06-15,36,0
533,DE,iOS,referral,2025-07-01,12,0
534,DE,iOS,organic,2025-06-28,17,0
535,IN,iOS,referral,2025-07-12,3,1
536,TR,Android,ad_tiktok,2025-06-22,5,1
537,US,Android,organic,2025-06-24,33,0
538,BR,Android,referral,2025-07-02,13,0
539,IN,iOS,ad_facebook,2025-06-19,32,0
540,DE,Android,organic,2025-07-08,18,1
541,US,iOS,referral,2025-07-11,22,0
542,TR,iOS,ad_facebook,2025-07-12,31,0
543,BR,Android,organic,2025-07-01,18,0
544,DE,iOS,organic,2025-07-08,7,0
545,US,Android,ad_facebook,2025-07-05,27,0
546,DE,Android,organic,2025-07-09,47,0
547,TR,iOS,ad_facebook,2025-07-03,41,0
548,IN,Android,ad_tiktok,2025-07-13,27,0
549,BR,Android,referral,2025-07-13,21,0
550,IN,Android,ad_tiktok,2025-07-03,24,0
551,BR,Android,referral,2025-07-07,21,1
552,US,iOS,referral,2025-06-20,27,0
553,DE,Android,ad_tiktok,2025-06-28,10,1
554,BR,Android,ad_tiktok,2025-06-15,13,0
555,US,iOS,ad_tiktok,2025-07-05,38,0
556,IN,iOS,organic,2025-07-01,46,0
557,DE,iOS,ad_tiktok,2025-07-01,24,1
558,IN,Android,ad_tiktok,2025-07-04,12,0
559,DE,iOS,ad_tiktok,2025-06-27,28,0
560,BR,Android,referral,2025-06-28,29,0
561,DE,iOS,ad_facebook,2025-07-01,25,0
562,IN,Android,referral,2025-07-09,37,0
563,US,Android,referral,2025-06-17,5,0
564,TR,iOS,ad_facebook,2025-06-21,43,0
565,US,Android,ad_facebook,2025-06-25,33,0
566,TR,Android,referral,2025-07-12,24,0
567,IN,iOS,referral,2025-06-27,25,0
568,DE,Android,ad_facebook,2025-07-13,11,0
569,BR,Android,ad_tiktok,2025-06-22,29,0
570,BR,Android,ad_tiktok,2025-07-11,42,0
571,US,Android,ad_facebook,2025-07-01,13,0
572,DE,iOS,organic,2025-07-06,44,0
573,BR,Android,organic,2025-07-01,6,0
574,US,Android,referral,2025-06-25,21,0
575,US,Android,ad_facebook,2025-06-15,28,0
576,TR,Android,organic,2025-07-01,1,0
577,BR,iOS,ad_tiktok,2025-06-29,36,0
578,TR,Android,ad_tiktok,2025-07-11,20,0
579,TR,Android,organic,2025-07-10,1,0
580,US,Android,ad_facebook,2025-07-11,23,0
581,US,Android,organic,2025-06-21,24,0
582,US,iOS,organic,2025-07-08,24,0
583,IN,iOS,ad_facebook,2025-07-09,34,0
584,US,iOS,ad_tiktok,2025-07-02,49,0
585,TR,Android,referral,2025-07-07,37,0
586,BR,iOS,ad_tiktok,2025-06-29,45,1
587,BR,iOS,organic,2025-06-16,24,0
588,US,iOS,ad_facebook,2025-07-02,33,0
589,US,Android,ad_tiktok,2025-07-09,42,1
590,BR,Android,organic,2025-06-18,23,0
591,BR,iOS,organic,2025-07-14,30,0
592,BR,iOS,ad_tiktok,2025-07-04,27,0
593,IN,iOS,organic,2025-07-12,6,1
594,DE,Android,organic,2025-06-17,1,0
595,BR,Android,ad_tiktok,2025-06-17,19,1
596,DE,iOS,organic,2025-06-26,49,1
597,BR,iOS,ad_tiktok,2025-06-21,49,0
598,DE,iOS,referral,2025-07-01,37,0
599,US,iOS,ad_facebook,2025-07-06,9,0
600,US,Android,ad_facebook,2025-06-24,10,0
601,TR,iOS,organic,2025-06-30,41,0
602,BR,Android,ad_tiktok,2025-06-21,49,0
603,BR,iOS,referral,2025-06-24,25,0
604,US,iOS,referral,2025-06-20,13,0
605,DE,Android,referral,2025-06-30,23,0
606,BR,iOS,ad_tiktok,2025-07-07,19,0
607,BR,Android,ad_tiktok,2025-07-09,4,0
608,US,iOS,ad_facebook,2025-07-09,37,0
609,US,iOS,organic,2025-07-07,5,0
610,BR,iOS,organic,2025-06-24,28,0
611,DE,Android,organic,2025-07-06,48,0
612,US,Android,ad_facebook,2025-06-21,46,0
613,IN,iOS,organic,2025-07-11,23,0
614,US,Android,ad_tiktok,2025-06-17,30,1
615,TR,Android,referral,2025-06-27,42,0
616,DE,iOS,organic,2025-06-25,35,0
617,BR,iOS,ad_tiktok,2025-06-18,34,0
618,BR,Android,ad_facebook,2025-06-19,36,1
619,BR,iOS,ad_tiktok,2025-06-18,11,0
620,DE,iOS,ad_tiktok,2025-07-03,39,0
621,TR,iOS,organic,2025-06-18,40,1
622,IN,iOS,ad_tiktok,2025-07-08,7,0
623,TR,Android,ad_facebook,2025-07-13,49,0
624,IN,iOS,ad_tiktok,2025-06-21,22,0
625,TR,iOS,referral,2025-07-05,11,0
626,US,Android,ad_facebook,2025-07-12,5,0
627,DE,Android,ad_tiktok,2025-07-08,6,0
628,TR,Android,organic,2025-06-26,8,0
629,DE,iOS,ad_facebook,2025-06-26,30,0
630,DE,Android,organic,2025-06-21,18,0
631,US,iOS,ad_facebook,2025-06-30,16,0
632,IN,Android,referral,2025-07-11,47,1
633,TR,Android,ad_tiktok,2025-07-07,13,0
634,TR,Android,referral,2025-06-17,37,0
635,TR,iOS,organic,2025-07-02,25,0
636,IN,iOS,referral,2025-07-04,3,0
637,BR,iOS,referral,2025-07-07,35,0
638,DE,Android,ad_facebook,2025-07-04,39,0
639,BR,iOS,ad_facebook,2025-06-19,17,1
640,US,iOS,ad_facebook,2025-07-09,23,0
641,US,Android,referral,2025-06-19,22,0
642,IN,Android,ad_facebook,2025-06-17,37,0
643,IN,iOS,ad_tiktok,2025-06-17,16,1
644,TR,Android,organic,2025-06-17,24,0
645,US,Android,ad_tiktok,2025-07-11,37,0
646,TR,iOS,ad_facebook,2025-07-04,14,0
647,TR,iOS,referral,2025-07-08,30,0
648,IN,iOS,organic,2025-07-12,15,0
649,US,Android,ad_facebook,2025-07-08,30,0
650,TR,iOS,ad_tiktok,2025-06-28,17,0
651,TR,iOS,ad_facebook,2025-06-27,2,0
652,US,Android,ad_facebook,2025-06-16,37,0
653,TR,Android,ad_tiktok,2025-06-22,20,0
654,IN,iOS,ad_facebook,2025-06-30,29,0
655,US,iOS,ad_facebook,2025-06-24,13,0
656,BR,iOS,ad_tiktok,2025-06-26,33,0
657,DE,iOS,ad_tiktok,2025-07-13,21,0
658,TR,iOS,organic,2025-06-22,36,0
659,TR,Android,ad_facebook,2025-06-16,7,0
660,IN,Android,ad_tiktok,2025-06-30,5,0
661,DE,Android,referral,2025-06-16,20,0
662,DE,Android,referral,2025-06-18,15,1
663,US,Android,referral,2025-07-08,34,0
664,US,iOS,organic,2025-06-26,28,0
665,US,iOS,referral,2025-07-12,10,1
666,DE,iOS,ad_facebook,2025-07-12,9,0
667,IN,iOS,ad_facebook,2025-06-16,23,0
668,US,Android,organic,2025-06-24,11,0
669,US,iOS,organic,2025-07-05,24,0
670,BR,Android,ad_facebook,2025-06-15,25,0
671,DE,iOS,ad_tiktok,2025-07-07,45,0
672,TR,iOS,referral,2025-06-27,15,1
673,TR,Android,ad_tiktok,2025-06-25,35,0
674,US,Android,referral,2025-07-02,22,0
675,IN,Android,referral,2025-07-05,47,1
676,TR,Android,organic,2025-06-17,29,0
677,TR,iOS,ad_facebook,2025-06-21,34,0
678,IN,Android,referral,2025-06-23,41,0
679,IN,iOS,ad_tiktok,2025-07-10,13,0
680,BR,Android,ad_facebook,2025-07-02,25,0
681,IN,iOS,ad_facebook,2025-07-04,25,0
682,DE,iOS,referral,2025-07-06,34,0
683,IN,iOS,ad_tiktok,2025-07-05,10,0
684,TR,Android,organic,2025-07-13,37,0
685,DE,Android,referral,2025-07-07,28,0
686,DE,Android,referral,2025-07-10,1,0
687,TR,Android,organic,2025-06-23,12,1
688,US,Android,referral,2025-07-02,5,0
689,US,Android,ad_tiktok,2025-06-21,5,0
690,TR,Android,ad_facebook,2025-06-26,45,0
691,BR,Android,ad_facebook,2025-06-29,22,1
692,IN,iOS,ad_facebook,2025-07-09,8,0
693,IN,Android,ad_facebook,2025-07-08,27,0
694,BR,iOS,organic,2025-07-06,32,0
695,IN,iOS,ad_tiktok,2025-07-08,42,1
696,DE,iOS,organic,2025-07-08,3,0
697,US,iOS,organic,2025-06-16,13,0
698,TR,iOS,ad_facebook,2025-06-26,7,0
699,TR,iOS,referral,2025-07-13,17,0
700,IN,Android,ad_tiktok,2025-07-01,44,0
701,BR,iOS,ad_facebook,2025-07-07,18,0
702,US,iOS,ad_tiktok,2025-07-08,29,0
703,BR,iOS,ad_facebook,2025-07-13,22,0
704,US,iOS,referral,2025-07-06,30,0
705,TR,iOS,referral,2025-06-29,45,0
706,TR,Android,organic,2025-07-01,44,1
707,US,Android,ad_facebook,2025-07-13,27,0
708,TR,iOS,ad_tiktok,2025-06-28,10,0
709,IN,Android,ad_facebook,2025-06-19,9,0
710,DE,Android,ad_facebook,2025-06-20,11,0
711,US,iOS,ad_facebook,2025-06-15,8,0
712,DE,iOS,organic,2025-07-01,4,0
713,US,Android,referral,2025-07-03,14,0
714,IN,iOS,referral,2025-07-10,21,0
715,TR,Android,referral,2025-07-09,41,0
716,TR,iOS,ad_facebook,2025-06-25,6,0
717,IN,Android,referral,2025-07-12,32,0
718,IN,iOS,ad_tiktok,2025-06-17,2,0
719,IN,Android,referral,2025-06-27,24,1
720,BR,Android,organic,2025-06-16,29,0
721,DE,Android,referral,2025-07-11,21,0
722,US,Android,ad_tiktok,2025-07-09,47,0
723,IN,iOS,organic,2025-07-05,1,0
724,IN,iOS,referral,2025-07-01,33,1
725,TR,Android,organic,2025-06-15,11,1
726,IN,Android,organic,2025-06-15,32,0
727,US,Android,organic,2025-07-10,2,0
728,DE,iOS,ad_facebook,2025-06-19,6,0
729,IN,Android,referral,2025-07-13,45,0
730,IN,Android,organic,2025-06-30,18,0
731,BR,Android,ad_tiktok,2025-07-09,2,0
732,BR,iOS,ad_tiktok,2025-06-22,43,0
733,DE,iOS,organic,2025-07-14,21,0
734,BR,Android,ad_tiktok,2025-07-05,30,1
735,BR,Android,organic,2025-07-06,20,0
736,TR,iOS,organic,2025-06-21,48,0
737,IN,Android,ad_tiktok,2025-07-04,21,0
738,IN,Android,organic,2025-06-27,11,0
739,DE,iOS,referral,2025-06-19,33,0
740,IN,iOS,ad_tiktok,2025-06-17,38,0
741,DE,Android,ad_facebook,2025-07-05,37,0
742,US,Android,referral,2025-06-19,24,0
743,BR,Android,ad_facebook,2025-06-29,11,0
744,US,iOS,ad_tiktok,2025-07-06,3,0
745,TR,Android,ad_facebook,2025-06-21,26,0
746,TR,Android,organic,2025-07-04,12,0
747,IN,Android,ad_tiktok,2025-07-04,11,0
748,DE,iOS,referral,2025-07-12,18,0
749,IN,iOS,ad_tiktok,2025-07-10,1,0
750,IN,iOS,referral,2025-06-17,16,0
751,DE,Android,ad_facebook,2025-06-21,18,0
752,IN,Android,ad_tiktok,2025-06-29,11,1
753,US,Android,organic,2025-06-19,18,0
754,TR,iOS,ad_facebook,2025-07-13,17,1
755,DE,iOS,referral,2025-06-18,15,1
756,US,Android,referral,2025-06-20,47,0
757,US,Android,ad_tiktok,2025-07-01,21,0
758,BR,iOS,ad_tiktok,2025-07-10,17,0
759,TR,Android,ad_facebook,2025-07-07,25,1
760,BR,Android,organic,2025-07-05,39,0
761,IN,iOS,ad_facebook,2025-06-23,29,1
762,US,iOS,organic,2025-06-23,24,0
763,TR,Android,ad_facebook,2025-06-26,6,0
764,TR,Android,ad_tiktok,2025-06-29,14,0
765,TR,Android,organic,2025-07-03,27,0
766,DE,Android,organic,2025-06-21,14,0
767,US,iOS,ad_facebook,2025-07-10,24,0
768,BR,Android,organic,2025-07-10,32,0
769,IN,Android,referral,2025-07-06,35,1
770,DE,Android,referral,2025-06-18,48,0
771,BR,iOS,ad_tiktok,2025-06-18,16,0
772,US,Android,referral,2025-06-27,48,0
773,IN,Android,ad_facebook,2025-07-13,26,0
774,IN,Android,referral,2025-06-22,40,0
775,IN,Android,organic,2025-07-05,34,0
776,IN,Android,organic,2025-06-25,17,0
777,IN,Android,organic,2025-07-05,31,1
778,DE,iOS,ad_facebook,2025-07-08,35,1
779,DE,iOS,ad_facebook,2025-07-05,47,0
780,TR,Android,ad_tiktok,2025-06-19,12,0
781,US,Android,ad_tiktok,2025-06-15,47,0
782,US,iOS,ad_facebook,2025-07-12,26,0
783,IN,iOS,referral,2025-06-26,39,0
784,DE,iOS,organic,2025-06-29,13,0
785,BR,Android,ad_tiktok,2025-06-20,39,0
786,US,iOS,referral,2025-06-21,20,0
787,DE,Android,ad_tiktok,2025-07-10,27,0
788,IN,iOS,organic,2025-06-21,44,0
789,TR,iOS,ad_tiktok,2025-07-04,36,0
790,US,iOS,referral,2025-06-26,10,0
791,US,iOS,ad_tiktok,2025-06-21,27,0
792,TR,iOS,referral,2025-07-11,38,0
793,TR,Android,referral,2025-06-24,12,0
794,DE,Android,organic,2025-06-27,47,0
795,IN,iOS,referral,2025-06-26,26,0
796,BR,iOS,organic,2025-06-23,16,0
797,BR,iOS,organic,2025-06-28,16,0
798,BR,Android,organic,2025-06-27,45,0
799,TR,Android,referral,2025-07-09,37,0
800,DE,Android,referral,2025-06-24,16,0
801,US,iOS,referral,2025-06-16,43,1
802,DE,iOS,organic,2025-06-23,42,1
803,US,Android,ad_tiktok,2025-07-03,8,0
804,IN,iOS,ad_facebook,2025-06-26,12,0
805,IN,Android,ad_tiktok,2025-07-09,32,0
806,US,iOS,referral,2025-06-24,23,0
807,IN,Android,referral,2025-07-13,22,0
808,US,Android,ad_tiktok,2025-07-07,14,0
809,IN,iOS,ad_tiktok,2025-07-03,18,0
810,IN,iOS,ad_facebook,2025-06-16,5,0
811,BR,Android,referral,2025-07-11,32,1
812,DE,iOS,referral,2025-06-15,28,0
813,IN,Android,ad_tiktok,2025-06-19,33,0
814,TR,Android,ad_tiktok,2025-06-16,25,0
815,TR,Android,organic,2025-06-22,48,0
816,US,Android,ad_facebook,2025-06-21,7,1
817,DE,iOS,ad_tiktok,2025-07-14,7,0
818,BR,iOS,organic,2025-07-09,43,1
819,TR,Android,organic,2025-07-01,46,1
820,BR,Android,ad_tiktok,2025-06-16,45,0
821,BR,Android,ad_facebook,2025-07-01,2,0
822,TR,Android,organic,2025-07-08,39,0
823,TR,iOS,ad_facebook,2025-07-06,32,0
824,BR,iOS,ad_tiktok,2025-06-27,46,0
825,BR,iOS,organic,2025-07-11,23,1
826,IN,iOS,ad_facebook,2025-07-01,29,0
827,BR,iOS,ad_tiktok,2025-07-11,41,1
828,US,Android,referral,2025-06-22,17,0
829,US,Android,referral,2025-07-10,16,1
830,DE,iOS,ad_tiktok,2025-06-16,44,0
831,TR,iOS,ad_facebook,2025-07-06,17,0
832,IN,Android,ad_tiktok,2025-06-29,44,0
833,DE,Android,ad_facebook,2025-07-12,48,0
834,DE,iOS,organic,2025-06-19,33,0
835,DE,iOS,ad_facebook,2025-07-09,39,0
836,BR,iOS,referral,2025-06-25,28,0
837,BR,Android,ad_tiktok,2025-07-04,38,0
838,TR,iOS,referral,2025-06-23,14,0
839,IN,Android,ad_facebook,2025-06-23,26,0
840,BR,iOS,ad_facebook,2025-06-25,44,1
841,US,iOS,ad_tiktok,2025-07-01,15,0
842,US,iOS,organic,2025-07-06,8,1
843,IN,iOS,organic,2025-06-29,45,0
844,DE,Android,organic,2025-06-23,40,1
845,US,Android,ad_facebook,2025-06-16,12,1
846,TR,iOS,organic,2025-06-17,14,0
847,BR,Android,organic,2025-06-20,13,0
848,DE,iOS,ad_tiktok,2025-07-07,13,1
849,DE,Android,referral,2025-07-07,4,0
850,DE,iOS,ad_facebook,2025-07-04,45,0
851,TR,iOS,organic,2025-06-18,4,0
852,TR,Android,organic,2025-06-28,29,0
853,BR,Android,organic,2025-07-09,4,1
854,US,iOS,referral,2025-07-02,36,0
855,DE,iOS,ad_tiktok,2025-07-01,13,1
856,DE,iOS,organic,2025-06-16,32,0
857,US,iOS,organic,2025-06-23,36,0
858,US,Android,organic,2025-07-02,10,0
859,TR,Android,organic,2025-07-07,9,1
860,TR,iOS,organic,2025-07-11,17,0
861,US,Android,referral,2025-06-27,39,1
862,TR,iOS,ad_facebook,2025-06-16,22,1
863,BR,iOS,ad_facebook,2025-06-16,48,0
864,BR,Android,organic,2025-06-24,6,0
865,DE,iOS,organic,2025-07-12,16,0
866,IN,Android,ad_facebook,2025-07-12,34,0
867,TR,Android,referral,2025-07-01,38,0
868,DE,Android,ad_tiktok,2025-06-21,40,0
869,BR,Android,referral,2025-07-03,18,0
870,US,Android,referral,2025-07-03,31,1
871,TR,Android,ad_tiktok,2025-06-18,25,0
872,US,iOS,organic,2025-07-05,12,0
873,BR,Android,ad_tiktok,2025-06-28,26,1
874,DE,Android,ad_tiktok,2025-06-30,44,1
875,BR,iOS,ad_tiktok,2025-07-11,44,0
876,BR,Android,ad_facebook,2025-06-23,41,0
877,BR,Android,referral,2025-07-04,21,1
878,BR,iOS,organic,2025-07-04,11,1
879,DE,iOS,organic,2025-07-07,2,1
880,US,iOS,organic,2025-07-01,13,1
881,US,Android,ad_tiktok,2025-06-20,48,0
882,DE,iOS,referral,2025-07-08,36,0
883,US,iOS,referral,2025-07-14,44,1
884,US,Android,referral,2025-07-06,31,0
885,BR,Android,ad_tiktok,2025-07-09,33,0
886,US,iOS,ad_facebook,2025-07-06,19,0
887,DE,iOS,ad_facebook,2025-06-16,26,1
888,IN,iOS,organic,2025-06-28,26,0
889,DE,Android,ad_facebook,2025-06-29,35,0
890,IN,Android,referral,2025-06-22,6,0
891,IN,iOS,ad_tiktok,2025-06-24,4,0
892,TR,iOS,ad_tiktok,2025-06-27,3,0
893,IN,iOS,ad_tiktok,2025-07-09,12,1
894,TR,iOS,ad_tiktok,2025-06-20,14,1
895,DE,iOS,organic,2025-06-24,47,0
896,TR,Android,ad_tiktok,2025-07-11,29,1
897,DE,iOS,organic,2025-07-08,42,0
898,BR,iOS,ad_tiktok,2025-06-15,23,1
899,US,Android,organic,2025-07-02,5,0
900,TR,Android,referral,2025-06-15,3,0
901,US,iOS,organic,2025-07-06,25,0
902,US,Android,referral,2025-07-01,22,0
903,IN,Android,ad_facebook,2025-06-23,34,0
904,BR,Android,ad_tiktok,2025-07-10,27,0
905,TR,iOS,ad_facebook,2025-07-04,18,0
906,US,Android,ad_tiktok,2025-07-01,5,1
907,US,Android,referral,2025-06-20,19,0
908,BR,iOS,ad_tiktok,2025-06-24,39,0
909,US,Android,referral,2025-06-22,44,0
910,DE,iOS,organic,2025-07-09,29,0
911,US,iOS,referral,2025-07-11,14,0
912,BR,iOS,ad_tiktok,2025-07-10,19,0
913,BR,Android,referral,2025-07-09,48,0
914,BR,Android,ad_tiktok,2025-06-17,19,0
915,IN,iOS,organic,2025-06-23,37,1
916,TR,Android,organic,2025-06-15,3,0
917,IN,Android,ad_facebook,2025-06-18,47,0
918,BR,iOS,organic,2025-07-04,7,1
919,BR,Android,referral,2025-06-24,31,0
920,IN,Android,organic,2025-06-16,20,0
921,BR,Android,referral,2025-06-30,4,1
922,TR,Android,ad_facebook,2025-07-03,36,0
923,DE,iOS,organic,2025-07-12,4,0
924,US,iOS,referral,2025-07-12,11,0
925,TR,iOS,referral,2025-06-20,16,0
926,DE,Android,organic,2025-06-18,46,0
927,DE,iOS,referral,2025-07-12,43,1
928,BR,iOS,ad_facebook,2025-07-01,34,0
929,IN,Android,referral,2025-07-05,1,0
930,DE,iOS,ad_tiktok,2025-07-05,23,0
931,TR,Android,ad_tiktok,2025-07-14,33,0
932,US,Android,organic,2025-07-11,42,0
933,TR,iOS,ad_tiktok,2025-06-20,39,0
934,DE,iOS,referral,2025-06-25,40,1
935,BR,iOS,organic,2025-06-29,42,1
936,TR,iOS,referral,2025-07-08,27,0
937,US,Android,referral,2025-07-13,19,0
938,TR,Android,referral,2025-06-16,34,0
939,TR,iOS,ad_facebook,2025-07-10,21,0
940,TR,Android,organic,2025-06-29,42,0
941,TR,iOS,ad_facebook,2025-07-14,7,0
942,TR,Android,referral,2025-07-07,33,1
943,BR,Android,referral,2025-07-07,26,1
944,BR,Android,referral,2025-06-16,30,0
945,TR,Android,organic,2025-06-30,27,0
946,US,Android,organic,2025-07-08,47,0
947,TR,Android,ad_tiktok,2025-07-09,3,0
948,BR,iOS,ad_tiktok,2025-07-09,21,0
949,DE,iOS,organic,2025-07-04,14,0
950,US,iOS,referral,2025-06-25,27,0
951,BR,Android,referral,2025-06-26,29,0
952,BR,iOS,ad_facebook,2025-06-26,24,0
953,US,iOS,ad_facebook,2025-07-02,5,0
954,TR,Android,ad_facebook,2025-07-03,10,1
955,TR,Android,ad_tiktok,2025-06-18,29,1
956,IN,iOS,organic,2025-06-21,3,0
957,IN,iOS,referral,2025-06-27,39,0
958,US,Android,organic,2025-07-07,23,0
959,US,Android,referral,2025-07-14,13,0
960,IN,iOS,ad_tiktok,2025-07-09,36,0
961,US,iOS,referral,2025-06-15,47,0
962,US,Android,ad_tiktok,2025-06-24,11,1
963,DE,Android,organic,2025-06-28,14,1
964,DE,iOS,ad_tiktok,2025-06-24,38,0
965,TR,iOS,referral,2025-06-22,41,0
966,BR,iOS,referral,2025-06-24,8,0
967,TR,Android,ad_tiktok,2025-07-06,23,0
968,US,Android,referral,2025-06-25,26,1
969,DE,iOS,ad_facebook,2025-07-07,33,0
970,IN,Android,ad_tiktok,2025-06-20,39,0
971,BR,iOS,ad_facebook,2025-07-08,7,0
972,BR,Android,organic,2025-07-08,45,0
973,TR,Android,referral,2025-06-20,31,0
974,IN,iOS,ad_tiktok,2025-06-28,28,0
975,IN,Android,ad_tiktok,2025-06-15,23,0
976,DE,iOS,referral,2025-07-09,24,0
977,TR,iOS,ad_facebook,2025-07-04,48,0
978,US,iOS,referral,2025-07-03,21,0
979,TR,Android,referral,2025-06-16,28,0
980,US,Android,ad_facebook,2025-07-07,20,0
981,TR,Android,organic,2025-07-06,7,0
982,IN,iOS,referral,2025-06-20,33,0
983,TR,iOS,organic,2025-07-07,26,0
984,US,iOS,ad_facebook,2025-06-30,19,1
985,IN,Android,organic,2025-07-08,38,0
986,BR,Android,organic,2025-06-15,27,0
987,TR,Android,referral,2025-06-25,25,0
988,IN,Android,ad_facebook,2025-06-15,45,0
989,US,iOS,ad_facebook,2025-06-21,25,1
990,TR,Android,ad_facebook,2025-07-02,18,0
991,TR,Android,ad_facebook,2025-07-08,5,0
992,DE,iOS,ad_facebook,2025-06-27,13,1
993,US,Android,ad_tiktok,2025-06-28,29,0
994,BR,Android,ad_tiktok,2025-06-26,27,0
995,DE,Android,ad_facebook,2025-06-22,10,0
996,US,iOS,referral,2025-07-09,24,0
997,DE,iOS,ad_tiktok,2025-06-23,45,0
998,TR,Android,referral,2025-06-21,23,0
999,DE,Android,organic,2025-06-16,4,0
1000,US,Android,ad_facebook,2025-06-24,20,0
